index,adjusted,underlying
2014-03-13,1969.5,2931.0
2014-03-14,1973.5,2935.0
2014-03-17,2020.5,2982.0
2014-03-18,2054.75,3016.25
2014-03-19,2027.5,2989.0
2014-03-20,2057.5,3019.0
2014-03-21,2038.5,3000.0
2014-03-24,2038.5,3000.0
2014-03-25,2078.5,3040.0
2014-03-26,2087.5,3049.0
2014-03-27,2106.5,3068.0
2014-03-28,2136.5,3098.0
2014-03-31,2134.5,3096.0
2014-04-01,2160.5,3122.0
2014-04-02,2160.5,3122.0
2014-04-03,2176.5,3138.0
2014-04-04,2176.5,3138.0
2014-04-07,2152.5,3114.0
2014-04-08,2164.0,3125.5
2014-04-09,2164.0,3125.5
2014-04-10,2093.5,3055.0
2014-04-11,2076.5,3038.0
2014-04-14,2101.5,3063.0
2014-04-15,2083.5,3045.0
2014-04-16,2123.5,3085.0
2014-04-17,2150.5,3112.0
2014-04-18,2150.5,3112.0
2014-04-21,2150.5,3112.0
2014-04-22,2179.5,3141.0
2014-04-23,2161.5,3123.0
2014-04-24,2157.25,3118.75
2014-04-25,2133.5,3095.0
2014-04-28,2140.5,3102.0
2014-04-29,2140.5,3102.0
2014-04-30,2193.5,3155.0
2014-05-01,2193.5,3155.0
2014-05-02,2171.5,3133.0
2014-05-05,2176.5,3138.0
2014-05-06,2145.5,3107.0
2014-05-07,2168.5,3130.0
2014-05-08,2196.5,3158.0
2014-05-09,2197.5,3159.0
2014-05-12,2223.5,3185.0
2014-05-13,2227.5,3189.0
2014-05-14,2219.5,3181.0
2014-05-15,2187.5,3149.0
2014-05-16,2197.5,3159.0
2014-05-19,2194.5,3156.0
2014-05-20,2186.5,3148.0
2014-05-21,2216.5,3178.0
2014-05-22,2216.5,3178.0
2014-05-23,2236.5,3198.0
2014-05-26,2267.5,3229.0
2014-05-27,2280.0,3241.5
2014-05-28,2275.5,3237.0
2014-05-29,2282.5,3244.0
2014-05-30,2284.0,3245.5
2014-06-02,2291.5,3253.0
2014-06-03,2275.5,3237.0
2014-06-04,2258.5,3220.0
2014-06-05,2311.5,3273.0
2014-06-06,2341.5,3303.0
2014-06-09,2350.5,3312.0
2014-06-10,2353.5,3315.0
2014-06-11,2325.5,3287.0
2014-06-12,2322.5,3280.0
2014-06-13,2322.5,3280.0
2014-06-16,2303.5,3261.0
2014-06-17,2311.5,3269.0
2014-06-18,2342.5,3300.0
2014-06-19,2357.5,3315.0
2014-06-20,2336.5,3294.0
2014-06-23,2327.5,3285.0
2014-06-24,2327.0,3284.5
2014-06-25,2301.5,3259.0
2014-06-26,2286.5,3244.0
2014-06-27,2277.5,3235.0
2014-06-30,2269.5,3227.0
2014-07-01,2296.5,3254.0
2014-07-02,2292.5,3250.0
2014-07-03,2308.0,3265.5
2014-07-04,2317.5,3275.0
2014-07-07,2277.5,3235.0
2014-07-08,2229.5,3187.0
2014-07-09,2250.5,3208.0
2014-07-10,2203.5,3161.0
2014-07-11,2203.5,3161.0
2014-07-14,2220.5,3178.0
2014-07-15,2205.5,3163.0
2014-07-16,2245.5,3203.0
2014-07-17,2178.5,3136.0
2014-07-18,2215.5,3173.0
2014-07-21,2189.5,3147.0
2014-07-22,2223.5,3181.0
2014-07-23,2234.5,3192.0
2014-07-24,2258.5,3216.0
2014-07-25,2218.0,3175.5
2014-07-28,2219.5,3177.0
2014-07-29,2234.0,3191.5
2014-07-30,2218.0,3175.5
2014-07-31,2183.0,3140.5
2014-08-01,2183.0,3140.5
2014-08-04,2183.0,3140.5
2014-08-05,2183.0,3140.5
2014-08-06,2085.5,3043.0
2014-08-07,2066.0,3023.5
2014-08-08,2039.0,2996.5
2014-08-11,2080.5,3038.0
2014-08-12,2071.5,3029.0
2014-08-13,2093.5,3051.0
2014-08-14,2106.5,3064.0
2014-08-15,2088.5,3046.0
2014-08-18,2121.5,3079.0
2014-08-19,2137.5,3095.0
2014-08-20,2129.5,3087.0
2014-08-21,2164.5,3122.0
2014-08-22,2141.5,3099.0
2014-08-25,2202.5,3160.0
2014-08-26,2232.5,3190.0
2014-08-27,2232.5,3190.0
2014-08-28,2208.5,3166.0
2014-08-29,2217.5,3175.0
2014-09-01,2214.0,3171.5
2014-09-02,2219.5,3177.0
2014-09-03,2256.5,3214.0
2014-09-04,2312.5,3270.0
2014-09-05,2330.5,3288.0
2014-09-08,2299.5,3257.0
2014-09-09,2281.5,3239.0
2014-09-10,2296.5,3254.0
2014-09-11,2283.5,3241.0
2014-09-12,2274.5,3232.0
2014-09-15,2279.5,3221.0
2014-09-16,2282.5,3224.0
2014-09-17,2288.5,3230.0
2014-09-18,2310.5,3252.0
2014-09-19,2310.5,3252.0
2014-09-22,2295.5,3237.0
2014-09-23,2255.5,3197.0
2014-09-24,2298.5,3240.0
2014-09-25,2245.5,3187.0
2014-09-26,2285.5,3227.0
2014-09-29,2239.5,3181.0
2014-09-30,2265.5,3207.0
2014-10-01,2230.5,3172.0
2014-10-02,2170.5,3112.0
2014-10-03,2199.5,3141.0
2014-10-06,2177.0,3118.5
2014-10-07,2104.5,3046.0
2014-10-08,2141.5,3083.0
2014-10-09,2062.5,3004.0
2014-10-10,2037.5,2979.0
2014-10-13,2019.5,2961.0
2014-10-14,2043.5,2985.0
2014-10-15,1959.5,2901.0
2014-10-16,1873.0,2814.5
2014-10-17,1988.5,2930.0
2014-10-20,1990.5,2932.0
2014-10-21,2055.5,2997.0
2014-10-22,2024.5,2966.0
2014-10-23,2084.5,3026.0
2014-10-24,2090.5,3032.0
2014-10-27,2057.5,2999.0
2014-10-28,2100.5,3042.0
2014-10-29,2071.5,3013.0
2014-10-30,2094.5,3036.0
2014-10-31,2167.5,3109.0
2014-11-03,2135.5,3077.0
2014-11-04,2100.5,3042.0
2014-11-05,2137.5,3079.0
2014-11-06,2160.5,3102.0
2014-11-07,2114.5,3056.0
2014-11-10,2144.5,3086.0
2014-11-11,2152.5,3094.0
2014-11-12,2110.5,3052.0
2014-11-13,2112.5,3054.0
2014-11-14,2106.5,3048.0
2014-11-17,2138.5,3080.0
2014-11-18,2180.5,3122.0
2014-11-19,2178.5,3120.0
2014-11-20,2153.5,3095.0
2014-11-21,2243.5,3185.0
2014-11-24,2274.5,3216.0
2014-11-25,2287.5,3229.0
2014-11-26,2288.5,3230.0
2014-11-27,2298.5,3240.0
2014-11-28,2298.5,3240.0
2014-12-01,2288.5,3230.0
2014-12-02,2303.5,3245.0
2014-12-03,2310.5,3252.0
2014-12-04,2263.5,3205.0
2014-12-05,2331.5,3273.0
2014-12-08,2292.5,3234.0
2014-12-09,2247.5,3189.0
2014-12-10,2189.5,3131.0
2014-12-11,2195.5,3137.0
2014-12-12,2099.5,3041.0
2014-12-15,2039.5,2977.0
2014-12-16,2063.5,3001.0
2014-12-17,2142.5,3080.0
2014-12-18,2233.5,3171.0
2014-12-19,2204.5,3142.0
2014-12-22,2228.5,3166.0
2014-12-23,2250.5,3188.0
2014-12-24,2250.5,3188.0
2014-12-25,2250.5,3188.0
2014-12-26,2250.5,3188.0
2014-12-29,2244.5,3182.0
2014-12-30,2190.5,3128.0
2014-12-31,2190.5,3128.0
2015-01-01,2190.5,3128.0
2015-01-02,2200.5,3138.0
2015-01-05,2083.5,3021.0
2015-01-06,2057.5,2995.0
2015-01-07,2114.5,3052.0
2015-01-08,2174.5,3112.0
2015-01-09,2109.5,3047.0
2015-01-12,2129.5,3067.0
2015-01-13,2161.5,3099.0
2015-01-14,2164.5,3102.0
2015-01-15,2202.5,3140.0
2015-01-16,2284.5,3222.0
2015-01-19,2282.5,3220.0
2015-01-20,2309.5,3247.0
2015-01-21,2331.5,3269.0
2015-01-22,2413.5,3351.0
2015-01-23,2430.5,3368.0
2015-01-26,2478.5,3416.0
2015-01-27,2438.5,3376.0
2015-01-28,2378.5,3316.0
2015-01-29,2458.5,3396.0
2015-01-30,2397.5,3335.0
2015-02-02,2456.5,3394.0
2015-02-03,2489.5,3427.0
2015-02-04,2437.5,3375.0
2015-02-05,2469.5,3407.0
2015-02-06,2436.5,3374.0
2015-02-09,2407.5,3345.0
2015-02-10,2456.5,3394.0
2015-02-11,2441.5,3379.0
2015-02-12,2501.5,3439.0
2015-02-13,2518.5,3456.0
2015-02-16,2465.5,3403.0
2015-02-17,2517.5,3455.0
2015-02-18,2530.5,3468.0
2015-02-19,2539.5,3477.0
2015-02-20,2585.5,3523.0
2015-02-23,2576.5,3514.0
2015-02-24,2612.5,3550.0
2015-02-25,2599.5,3537.0
2015-02-26,2631.5,3569.0
2015-02-27,2656.0,3593.5
2015-03-02,2662.5,3600.0
2015-03-03,2626.5,3564.0
2015-03-04,2650.5,3588.0
2015-03-05,2677.5,3615.0
2015-03-06,2662.5,3600.0
2015-03-09,2671.5,3609.0
2015-03-10,2633.5,3571.0
2015-03-11,2714.5,3652.0
2015-03-12,2712.5,3650.0
2015-03-13,2732.5,3595.0
2015-03-16,2766.5,3629.0
2015-03-17,2741.5,3604.0
2015-03-18,2720.5,3583.0
2015-03-19,2727.5,3590.0
2015-03-20,2783.5,3646.0
2015-03-23,2755.5,3618.0
2015-03-24,2784.5,3647.0
2015-03-25,2748.5,3611.0
2015-03-26,2737.5,3600.0
2015-03-27,2746.5,3609.0
2015-03-30,2794.5,3657.0
2015-03-31,2758.5,3621.0
2015-04-01,2793.5,3656.0
2015-04-02,2788.5,3651.0
2015-04-03,2788.5,3651.0
2015-04-06,2788.5,3651.0
2015-04-07,2823.5,3686.0
2015-04-08,2823.5,3686.0
2015-04-09,2863.5,3726.0
2015-04-10,2890.5,3753.0
2015-04-13,2875.5,3738.0
2015-04-14,2868.5,3731.0
2015-04-15,2866.5,3729.0
2015-04-16,2822.5,3685.0
2015-04-17,2742.5,3605.0
2015-04-20,2778.5,3641.0
2015-04-21,2798.5,3661.0
2015-04-22,2809.5,3672.0
2015-04-23,2785.5,3648.0
2015-04-24,2789.5,3652.0
2015-04-27,2838.5,3701.0
2015-04-28,2799.5,3662.0
2015-04-29,2705.5,3568.0
2015-04-30,2682.5,3545.0
2015-05-01,2682.5,3545.0
2015-05-04,2719.5,3582.0
2015-05-05,2637.5,3500.0
2015-05-06,2640.5,3503.0
2015-05-07,2642.5,3505.0
2015-05-08,2746.5,3609.0
2015-05-11,2722.5,3585.0
2015-05-12,2685.5,3548.0
2015-05-13,2655.5,3518.0
2015-05-14,2713.5,3576.0
2015-05-15,2694.5,3557.0
2015-05-18,2716.5,3579.0
2015-05-19,2779.5,3642.0
2015-05-20,2803.5,3666.0
2015-05-21,2816.5,3679.0
2015-05-22,2804.5,3667.0
2015-05-25,2804.5,3667.0
2015-05-26,2757.5,3620.0
2015-05-27,2810.5,3673.0
2015-05-28,2790.5,3653.0
2015-05-29,2707.5,3570.0
2015-06-01,2724.5,3587.0
2015-06-02,2691.5,3554.0
2015-06-03,2708.5,3571.0
2015-06-04,2663.5,3526.0
2015-06-05,2646.5,3509.0
2015-06-08,2587.5,3450.0
2015-06-09,2574.5,3437.0
2015-06-10,2658.5,3521.0
2015-06-11,2688.5,3551.0
2015-06-12,2640.5,3503.0
2015-06-15,2584.5,3445.0
2015-06-16,2590.5,3451.0
2015-06-17,2543.5,3404.0
2015-06-18,2602.5,3463.0
2015-06-19,2590.5,3451.0
2015-06-22,2723.5,3584.0
2015-06-23,2771.5,3632.0
2015-06-24,2729.5,3590.0
2015-06-25,2727.5,3588.0
2015-06-26,2757.5,3618.0
2015-06-29,2566.5,3427.0
2015-06-30,2579.5,3440.0
2015-07-01,2629.5,3490.0
2015-07-02,2602.5,3463.0
2015-07-03,2571.5,3432.0
2015-07-06,2487.5,3348.0
2015-07-07,2505.5,3366.0
2015-07-08,2445.5,3306.0
2015-07-09,2543.5,3404.0
2015-07-10,2689.5,3550.0
2015-07-13,2731.5,3592.0
2015-07-14,2753.5,3614.0
2015-07-15,2759.5,3620.0
2015-07-16,2823.5,3684.0
2015-07-17,2811.5,3672.0
2015-07-20,2828.5,3689.0
2015-07-21,2787.5,3648.0
2015-07-22,2779.5,3640.0
2015-07-23,2752.5,3613.0
2015-07-24,2718.5,3579.0
2015-07-27,2648.5,3509.0
2015-07-28,2700.5,3561.0
2015-07-29,2726.5,3587.0
2015-07-30,2728.5,3589.0
2015-07-31,2740.5,3601.0
2015-08-03,2767.5,3628.0
2015-08-04,2763.5,3624.0
2015-08-05,2804.5,3665.0
2015-08-06,2800.5,3661.0
2015-08-07,2783.5,3644.0
2015-08-10,2821.5,3682.0
2015-08-11,2750.5,3611.0
2015-08-12,2673.5,3534.0
2015-08-13,2651.5,3512.0
2015-08-14,2652.5,3513.0
2015-08-17,2650.5,3511.0
2015-08-18,2630.5,3491.0
2015-08-19,2571.5,3432.0
2015-08-20,2457.5,3318.0
2015-08-21,2366.5,3227.0
2015-08-24,2199.5,3060.0
2015-08-25,2266.5,3127.0
2015-08-26,2371.5,3232.0
2015-08-27,2437.5,3298.0
2015-08-28,2426.0,3286.5
2015-08-31,2398.0,3258.5
2015-09-01,2398.0,3258.5
2015-09-02,2366.5,3227.0
2015-09-03,2383.5,3244.0
2015-09-04,2310.5,3171.0
2015-09-07,2337.5,3198.0
2015-09-08,2393.5,3254.0
2015-09-09,2359.5,3220.0
2015-09-10,2374.5,3235.0
2015-09-11,2349.5,3210.0
2015-09-14,2320.5,3181.0
2015-09-15,2371.5,3215.0
2015-09-16,2404.5,3248.0
2015-09-17,2384.5,3228.0
2015-09-18,2309.5,3153.0
2015-09-21,2337.5,3181.0
2015-09-22,2237.5,3081.0
2015-09-23,2226.5,3070.0
2015-09-24,2192.5,3036.0
2015-09-25,2234.5,3078.0
2015-09-28,2168.5,3012.0
2015-09-29,2182.5,3026.0
2015-09-30,2254.5,3098.0
2015-10-01,2238.5,3082.0
2015-10-02,2283.5,3127.0
2015-10-05,2364.5,3208.0
2015-10-06,2355.5,3199.0
2015-10-07,2399.5,3243.0
2015-10-08,2411.5,3255.0
2015-10-09,2399.5,3243.0
2015-10-12,2391.5,3235.0
2015-10-13,2355.5,3199.0
2015-10-14,2344.5,3188.0
2015-10-15,2414.5,3258.0
2015-10-16,2423.5,3267.0
2015-10-19,2424.5,3268.0
2015-10-20,2407.5,3251.0
2015-10-21,2403.5,3247.0
2015-10-22,2526.5,3370.0
2015-10-23,2592.5,3436.0
2015-10-26,2566.5,3410.0
2015-10-27,2550.5,3394.0
2015-10-28,2599.5,3443.0
2015-10-29,2599.5,3443.0
2015-10-30,2599.5,3443.0
2015-11-02,2598.5,3442.0
2015-11-03,2598.5,3442.0
2015-11-04,2594.5,3438.0
2015-11-05,2597.5,3441.0
2015-11-06,2635.5,3479.0
2015-11-09,2582.5,3426.0
2015-11-10,2582.5,3426.0
2015-11-11,2589.5,3433.0
2015-11-12,2518.5,3362.0
2015-11-13,2500.5,3344.0
2015-11-16,2552.5,3396.0
2015-11-17,2582.5,3426.0
2015-11-18,2609.5,3453.0
2015-11-19,2596.5,3440.0
2015-11-20,2606.5,3450.0
2015-11-23,2587.5,3431.0
2015-11-24,2574.5,3418.0
2015-11-25,2610.5,3454.0
2015-11-26,2645.5,3489.0
2015-11-27,2650.5,3494.0
2015-11-30,2654.5,3498.0
2015-12-01,2643.5,3487.0
2015-12-02,2598.5,3442.0
2015-12-03,2462.5,3306.0
2015-12-04,2526.5,3370.0
2015-12-07,2529.5,3373.0
2015-12-08,2451.5,3295.0
2015-12-09,2402.5,3246.0
2015-12-10,2416.5,3260.0
2015-12-11,2340.5,3184.0
2015-12-14,2342.5,3186.0
2015-12-15,2399.5,3233.0
2015-12-16,2466.5,3300.0
2015-12-17,2446.5,3280.0
2015-12-18,2410.5,3244.0
2015-12-21,2389.5,3223.0
2015-12-22,2399.5,3233.0
2015-12-23,2460.5,3294.0
2015-12-24,2460.5,3294.0
2015-12-25,2460.5,3294.0
2015-12-28,2430.5,3264.0
2015-12-29,2475.5,3309.0
2015-12-30,2438.5,3272.0
2015-12-31,2438.5,3272.0
2016-01-01,2438.5,3272.0
2016-01-04,2342.5,3176.0
2016-01-05,2346.5,3180.0
2016-01-06,2281.5,3115.0
2016-01-07,2197.5,3031.0
2016-01-08,2167.5,3001.0
2016-01-11,2211.5,3045.0
2016-01-12,2239.5,3073.0
2016-01-13,2171.5,3005.0
2016-01-14,2220.5,3054.0
2016-01-15,2094.5,2928.0
2016-01-18,2094.5,2928.0
2016-01-19,2130.5,2964.0
2016-01-20,2066.5,2900.0
2016-01-21,2100.5,2934.0
2016-01-22,2201.5,3035.0
2016-01-25,2137.5,2971.0
2016-01-26,2205.5,3039.0
2016-01-27,2166.5,3000.0
2016-01-28,2150.5,2984.0
2016-01-29,2221.5,3055.0
2016-02-01,2195.5,3029.0
2016-02-02,2090.5,2924.0
2016-02-03,2091.5,2925.0
2016-02-04,2073.5,2907.0
2016-02-05,2038.5,2872.0
2016-02-08,1961.5,2795.0
2016-02-09,1907.5,2741.0
2016-02-10,1924.5,2758.0
2016-02-11,1872.5,2706.0
2016-02-12,1926.5,2760.0
2016-02-15,1995.5,2829.0
2016-02-16,2005.5,2839.0
2016-02-17,2072.5,2906.0
2016-02-18,2051.5,2885.0
2016-02-19,2033.5,2867.0
2016-02-22,2098.5,2932.0
2016-02-23,2043.5,2877.0
2016-02-24,2031.5,2865.0
2016-02-25,2063.5,2897.0
2016-02-26,2081.5,2915.0
2016-02-29,2080.5,2914.0
2016-03-01,2179.5,3013.0
2016-03-02,2188.5,3022.0
2016-03-03,2191.5,3025.0
2016-03-04,2199.5,3033.0
2016-03-07,2189.5,3023.0
2016-03-08,2166.5,3000.0
2016-03-09,2179.5,3013.0
2016-03-10,2142.5,2976.0
2016-03-11,2254.5,3088.0
2016-03-14,2257.5,3091.0
2016-03-15,2238.5,2993.0
2016-03-16,2235.5,2990.0
2016-03-17,2208.5,2963.0
2016-03-18,2224.5,2979.0
2016-03-21,2221.5,2976.0
2016-03-22,2221.5,2976.0
2016-03-23,2200.5,2955.0
2016-03-24,2170.5,2925.0
2016-03-25,2170.5,2925.0
2016-03-28,2170.5,2925.0
2016-03-29,2183.5,2938.0
2016-03-30,2207.5,2962.0
2016-03-31,2174.5,2929.0
2016-04-01,2132.5,2887.0
2016-04-04,2119.5,2874.0
2016-04-05,2053.5,2808.0
2016-04-06,2091.5,2846.0
2016-04-07,2030.5,2785.0
2016-04-08,2079.5,2834.0
2016-04-11,2085.5,2840.0
2016-04-12,2123.5,2878.0
2016-04-13,2212.5,2967.0
2016-04-14,2228.5,2983.0
2016-04-15,2221.5,2976.0
2016-04-18,2244.5,2999.0
2016-04-19,2293.5,3048.0
2016-04-20,2324.5,3079.0
2016-04-21,2318.5,3073.0
2016-04-22,2326.5,3081.0
2016-04-25,2306.5,3061.0
2016-04-26,2310.5,3065.0
2016-04-27,2319.5,3074.0
2016-04-28,2275.5,3030.0
2016-04-29,2230.5,2985.0
2016-05-02,2235.5,2990.0
2016-05-03,2174.5,2929.0
2016-05-04,2137.5,2892.0
2016-05-05,2140.5,2895.0
2016-05-06,2159.5,2914.0
2016-05-09,2166.5,2921.0
2016-05-10,2201.5,2956.0
2016-05-11,2157.5,2912.0
2016-05-12,2161.5,2916.0
2016-05-13,2143.5,2898.0
2016-05-16,2176.5,2931.0
2016-05-17,2140.5,2895.0
2016-05-18,2170.5,2925.0
2016-05-19,2156.5,2911.0
2016-05-20,2181.5,2936.0
2016-05-23,2163.5,2918.0
2016-05-24,2249.5,3004.0
2016-05-25,2288.5,3043.0
2016-05-26,2301.5,3056.0
2016-05-27,2317.5,3072.0
2016-05-30,2326.5,3081.0
2016-05-31,2298.5,3053.0
2016-06-01,2275.5,3030.0
2016-06-02,2288.5,3043.0
2016-06-03,2240.5,2995.0
2016-06-06,2244.5,2999.0
2016-06-07,2270.5,3025.0
2016-06-08,2265.5,3020.0
2016-06-09,2238.5,2993.0
2016-06-10,2146.5,2901.0
2016-06-13,2085.5,2840.0
2016-06-14,2056.5,2802.0
2016-06-15,2069.5,2815.0
2016-06-16,2098.5,2844.0
2016-06-17,2117.5,2863.0
2016-06-20,2176.5,2922.0
2016-06-21,2227.5,2973.0
2016-06-22,2219.5,2965.0
2016-06-23,2304.5,3050.0
2016-06-24,2033.5,2779.0
2016-06-27,1964.5,2710.0
2016-06-28,2026.5,2772.0
2016-06-29,2076.5,2822.0
2016-06-30,2134.5,2880.0
2016-07-01,2117.5,2863.0
2016-07-04,2115.5,2861.0
2016-07-05,2050.5,2796.0
2016-07-06,2028.5,2774.0
2016-07-07,2024.5,2770.0
2016-07-08,2080.5,2826.0
2016-07-11,2117.5,2863.0
2016-07-12,2175.5,2921.0
2016-07-13,2175.5,2921.0
2016-07-14,2203.5,2949.0
2016-07-15,2205.5,2951.0
2016-07-18,2194.5,2940.0
2016-07-19,2181.5,2927.0
2016-07-20,2210.5,2956.0
2016-07-21,2205.5,2951.0
2016-07-22,2228.5,2974.0
2016-07-25,2219.5,2965.0
2016-07-26,2229.5,2975.0
2016-07-27,2235.5,2981.0
2016-07-28,2224.5,2970.0
2016-07-29,2241.5,2987.0
2016-08-01,2220.0,2965.5
2016-08-02,2171.5,2917.0
2016-08-03,2156.5,2902.0
2016-08-04,2193.5,2939.0
2016-08-05,2196.5,2942.0
2016-08-08,2238.5,2984.0
2016-08-09,2254.5,3000.0
2016-08-10,2281.5,3027.0
2016-08-11,2288.5,3034.0
2016-08-12,2298.5,3044.0
2016-08-15,2296.5,3042.0
2016-08-16,2265.5,3011.0
2016-08-17,2255.5,3001.0
2016-08-18,2244.5,2990.0
2016-08-19,2230.5,2976.0
2016-08-22,2218.5,2964.0
2016-08-23,2241.5,2987.0
2016-08-24,2254.5,3000.0
2016-08-25,2235.5,2981.0
2016-08-26,2249.5,2995.0
2016-08-29,2262.5,3008.0
2016-08-30,2287.5,3033.0
2016-08-31,2277.5,3023.0
2016-09-01,2280.5,3026.0
2016-09-02,2340.5,3086.0
2016-09-05,2335.5,3081.0
2016-09-06,2333.5,3079.0
2016-09-07,2340.5,3086.0
2016-09-08,2336.5,3082.0
2016-09-09,2277.5,3023.0
2016-09-12,2302.5,3048.0
2016-09-13,2237.5,2983.0
2016-09-14,2213.5,2944.0
2016-09-15,2233.5,2964.0
2016-09-16,2193.5,2924.0
2016-09-19,2211.5,2942.0
2016-09-20,2217.5,2948.0
2016-09-21,2257.5,2988.0
2016-09-22,2305.5,3036.0
2016-09-23,2280.5,3011.0
2016-09-26,2232.5,2963.0
2016-09-27,2240.5,2971.0
2016-09-28,2272.5,3003.0
2016-09-29,2216.5,2947.0
2016-09-30,2264.5,2995.0
2016-10-03,2253.5,2984.0
2016-10-04,2263.5,2994.0
2016-10-05,2286.5,3017.0
2016-10-06,2295.5,3026.0
2016-10-07,2257.5,2988.0
2016-10-10,2289.5,3020.0
2016-10-11,2274.5,3005.0
2016-10-12,2273.5,3004.0
2016-10-13,2249.5,2980.0
2016-10-14,2283.5,3014.0
2016-10-17,2270.5,3001.0
2016-10-18,2309.5,3040.0
2016-10-19,2317.5,3048.0
2016-10-20,2340.5,3071.0
2016-10-21,2344.5,3075.0
2016-10-24,2354.5,3085.0
2016-10-25,2351.5,3082.0
2016-10-26,2336.5,3067.0
2016-10-27,2339.5,3070.0
2016-10-28,2324.5,3055.0
2016-10-31,2323.5,3054.0
2016-11-01,2273.5,3004.0
2016-11-02,2244.5,2975.0
2016-11-03,2230.5,2961.0
2016-11-04,2203.5,2934.0
2016-11-07,2278.5,3009.0
2016-11-08,2299.5,3030.0
2016-11-09,2327.5,3058.0
2016-11-10,2320.5,3051.0
2016-11-11,2303.5,3034.0
2016-11-14,2308.5,3039.0
2016-11-15,2329.5,3060.0
2016-11-16,2293.5,3024.0
2016-11-17,2321.5,3052.0
2016-11-18,2291.5,3022.0
2016-11-21,2311.5,3042.0
2016-11-22,2321.5,3052.0
2016-11-23,2306.5,3037.0
2016-11-24,2315.5,3046.0
2016-11-25,2321.5,3052.0
2016-11-28,2277.5,3008.0
2016-11-29,2309.0,3039.5
2016-11-30,2308.5,3039.0
2016-12-01,2282.5,3013.0
2016-12-02,2283.5,3014.0
2016-12-05,2328.5,3059.0
2016-12-06,2387.5,3118.0
2016-12-07,2426.5,3157.0
2016-12-08,2456.5,3187.0
2016-12-09,2479.5,3210.0
2016-12-12,2461.5,3192.0
2016-12-13,2503.5,3234.0
2016-12-14,2477.5,3198.0
2016-12-15,2515.5,3236.0
2016-12-16,2520.5,3241.0
2016-12-19,2517.5,3238.0
2016-12-20,2544.5,3265.0
2016-12-21,2539.5,3260.0
2016-12-22,2537.5,3258.0
2016-12-23,2541.5,3262.0
2016-12-26,2541.5,3262.0
2016-12-27,2546.5,3267.0
2016-12-28,2535.5,3256.0
2016-12-29,2536.5,3257.0
2016-12-30,2551.5,3272.0
2017-01-02,2574.5,3295.0
2017-01-03,2585.5,3306.0
2017-01-04,2588.5,3309.0
2017-01-05,2586.5,3307.0
2017-01-06,2592.5,3313.0
2017-01-09,2578.5,3299.0
2017-01-10,2574.5,3295.0
2017-01-11,2586.5,3307.0
2017-01-12,2570.5,3291.0
2017-01-13,2589.5,3310.0
2017-01-16,2565.5,3286.0
2017-01-17,2557.5,3278.0
2017-01-18,2574.5,3295.0
2017-01-19,2553.5,3274.0
2017-01-20,2569.5,3290.0
2017-01-23,2552.5,3273.0
2017-01-24,2566.5,3287.0
2017-01-25,2601.5,3322.0
2017-01-26,2587.5,3308.0
2017-01-27,2577.5,3298.0
2017-01-30,2545.5,3266.0
2017-01-31,2518.5,3239.0
2017-02-01,2536.5,3257.0
2017-02-02,2537.5,3258.0
2017-02-03,2553.5,3274.0
2017-02-06,2513.5,3234.0
2017-02-07,2519.5,3240.0
2017-02-08,2520.5,3241.0
2017-02-09,2552.5,3273.0
2017-02-10,2553.5,3274.0
2017-02-13,2582.5,3303.0
2017-02-14,2596.5,3317.0
2017-02-15,2604.5,3325.0
2017-02-16,2596.5,3317.0
2017-02-17,2598.5,3319.0
2017-02-20,2589.5,3310.0
2017-02-21,2622.5,3343.0
2017-02-22,2617.5,3338.0
2017-02-23,2615.5,3336.0
2017-02-24,2594.5,3315.0
2017-02-27,2600.5,3321.0
2017-02-28,2594.5,3315.0
2017-03-01,2669.5,3390.0
2017-03-02,2663.5,3384.0
2017-03-03,2683.5,3404.0
2017-03-06,2676.5,3397.0
2017-03-07,2664.5,3385.0
2017-03-08,2661.5,3382.0
2017-03-09,2693.5,3414.0
2017-03-10,2692.5,3413.0
2017-03-13,2701.5,3422.0
2017-03-14,2678.5,3323.0
2017-03-15,2704.5,3349.0
2017-03-16,2720.5,3365.0
2017-03-17,2725.5,3370.0
2017-03-20,2712.5,3357.0
2017-03-21,2696.5,3341.0
2017-03-22,2704.5,3349.0
2017-03-23,2723.5,3368.0
2017-03-24,2724.5,3369.0
2017-03-27,2724.5,3369.0
2017-03-28,2752.5,3397.0
2017-03-29,2757.5,3402.0
2017-03-30,2766.5,3411.0
2017-03-31,2785.5,3430.0
2017-04-03,2767.5,3412.0
2017-04-04,2774.5,3419.0
2017-04-05,2740.5,3385.0
2017-04-06,2773.5,3418.0
2017-04-07,2784.5,3429.0
2017-04-10,2761.5,3406.0
2017-04-11,2770.5,3415.0
2017-04-12,2746.5,3391.0
2017-04-13,2732.5,3377.0
2017-04-14,2732.5,3377.0
2017-04-17,2732.5,3377.0
2017-04-18,2694.5,3339.0
2017-04-19,2696.5,3341.0
2017-04-20,2727.5,3372.0
2017-04-21,2732.5,3377.0
2017-04-24,2870.5,3515.0
2017-04-25,2873.5,3518.0
2017-04-26,2853.5,3498.0
2017-04-27,2856.5,3501.0
2017-04-28,2853.5,3498.0
2017-05-01,2853.5,3498.0
2017-05-02,2888.5,3533.0
2017-05-03,2891.5,3536.0
2017-05-04,2936.5,3581.0
2017-05-05,3000.5,3645.0
2017-05-08,2962.5,3607.0
2017-05-09,2960.5,3605.0
2017-05-10,2968.5,3613.0
2017-05-11,2956.5,3601.0
2017-05-12,2965.5,3610.0
2017-05-15,2973.5,3618.0
2017-05-16,2976.5,3621.0
2017-05-17,2893.5,3538.0
2017-05-18,2902.5,3547.0
2017-05-19,2923.5,3568.0
2017-05-22,2914.0,3558.5
2017-05-23,2939.5,3584.0
2017-05-24,2927.5,3572.0
2017-05-25,2924.5,3569.0
2017-05-26,2919.5,3564.0
2017-05-29,2914.5,3559.0
2017-05-30,2901.5,3546.0
2017-05-31,2906.5,3551.0
2017-06-01,2930.5,3575.0
2017-06-02,2950.5,3595.0
2017-06-05,2930.5,3575.0
2017-06-06,2900.5,3545.0
2017-06-07,2906.5,3551.0
2017-06-08,2923.5,3568.0
2017-06-09,2925.5,3570.0
2017-06-12,2897.5,3542.0
2017-06-13,2921.5,3566.0
2017-06-14,2913.5,3549.0
2017-06-15,2884.5,3520.0
2017-06-16,2906.5,3542.0
2017-06-19,2944.5,3580.0
2017-06-20,2912.5,3548.0
2017-06-21,2904.5,3540.0
2017-06-22,2903.5,3539.0
2017-06-23,2899.5,3535.0
2017-06-26,2919.5,3555.0
2017-06-27,2872.5,3508.0
2017-06-28,2898.5,3534.0
2017-06-29,2821.5,3457.0
2017-06-30,2812.5,3448.0
2017-07-03,2834.5,3470.0
2017-07-04,2835.5,3471.0
2017-07-05,2844.5,3480.0
2017-07-06,2809.5,3445.0
2017-07-07,2829.5,3465.0
2017-07-10,2829.5,3465.0
2017-07-11,2829.5,3465.0
2017-07-12,2873.5,3509.0
2017-07-13,2891.5,3527.0
2017-07-14,2889.5,3525.0
2017-07-17,2870.5,3506.0
2017-07-18,2842.5,3478.0
2017-07-19,2864.5,3500.0
2017-07-20,2856.5,3492.0
2017-07-21,2818.5,3454.0
2017-07-24,2820.5,3456.0
2017-07-25,2832.5,3468.0
2017-07-26,2839.5,3475.0
2017-07-27,2837.5,3473.0
2017-07-28,2826.5,3462.0
2017-07-31,2802.5,3438.0
2017-08-01,2834.5,3470.0
2017-08-02,2821.5,3457.0
2017-08-03,2823.5,3459.0
2017-08-04,2869.5,3505.0
2017-08-07,2866.5,3502.0
2017-08-08,2859.5,3495.0
2017-08-09,2835.5,3471.0
2017-08-10,2779.5,3415.0
2017-08-11,2767.5,3403.0
2017-08-14,2810.5,3446.0
2017-08-15,2827.5,3463.0
2017-08-16,2839.5,3475.0
2017-08-17,2796.5,3432.0
2017-08-18,2803.5,3439.0
2017-08-21,2785.5,3421.0
2017-08-22,2824.5,3460.0
2017-08-23,2801.5,3437.0
2017-08-24,2807.5,3443.0
2017-08-25,2798.5,3434.0
2017-08-28,2783.5,3419.0
2017-08-29,2767.5,3403.0
2017-08-30,2775.5,3411.0
2017-08-31,2791.5,3427.0
2017-09-01,2812.5,3448.0
2017-09-04,2799.5,3435.0
2017-09-05,2770.5,3406.0
2017-09-06,2811.5,3447.0
2017-09-07,2815.5,3451.0
2017-09-08,2808.5,3444.0
2017-09-11,2864.5,3500.0
2017-09-12,2875.5,3511.0
2017-09-13,2883.5,3507.0
2017-09-14,2888.5,3512.0
2017-09-15,2880.5,3504.0
2017-09-18,2888.5,3512.0
2017-09-19,2888.5,3512.0
2017-09-20,2908.5,3532.0
2017-09-21,2903.5,3527.0
2017-09-22,2906.5,3530.0
2017-09-25,2900.5,3524.0
2017-09-26,2897.0,3520.5
2017-09-27,2926.5,3550.0
2017-09-28,2931.5,3555.0
2017-09-29,2958.5,3582.0
2017-10-02,2971.5,3595.0
2017-10-03,2978.5,3602.0
2017-10-04,2958.5,3582.0
2017-10-05,2982.5,3606.0
2017-10-06,2975.5,3599.0
2017-10-09,2966.5,3590.0
2017-10-10,2980.5,3604.0
2017-10-11,2977.5,3601.0
2017-10-12,2972.5,3596.0
2017-10-13,2974.5,3598.0
2017-10-16,2978.5,3602.0
2017-10-17,2988.0,3611.5
2017-10-18,2992.5,3616.0
2017-10-19,2974.5,3598.0
2017-10-20,2976.5,3600.0
2017-10-23,2971.5,3595.0
2017-10-24,2979.5,3603.0
2017-10-25,2965.5,3589.0
2017-10-26,3011.5,3635.0
2017-10-27,3022.5,3646.0
2017-10-30,3028.5,3652.0
2017-10-31,3054.5,3678.0
2017-11-01,3066.5,3690.0
2017-11-02,3066.5,3690.0
2017-11-03,3056.5,3680.0
2017-11-06,3057.5,3681.0
2017-11-07,3028.5,3652.0
2017-11-08,3027.5,3651.0
2017-11-09,2984.5,3608.0
2017-11-10,2965.5,3589.0
2017-11-13,2952.5,3576.0
2017-11-14,2928.5,3552.0
2017-11-15,2916.5,3540.0
2017-11-16,2946.5,3570.0
2017-11-17,2919.5,3543.0
2017-11-20,2931.5,3555.0
2017-11-21,2956.5,3580.0
2017-11-22,2932.5,3556.0
2017-11-23,2942.5,3566.0
2017-11-24,2953.5,3577.0
2017-11-27,2940.5,3564.0
2017-11-28,2977.5,3601.0
2017-11-29,2983.0,3606.5
2017-11-30,2941.5,3565.0
2017-12-01,2921.5,3545.0
2017-12-04,2941.5,3565.0
2017-12-05,2932.5,3556.0
2017-12-06,2935.5,3559.0
2017-12-07,2956.5,3580.0
2017-12-08,2970.5,3594.0
2017-12-11,2967.5,3591.0
2017-12-12,2974.5,3598.0
2017-12-13,2951.5,3557.0
2017-12-14,2929.5,3535.0
2017-12-15,2950.5,3556.0
2017-12-18,2989.5,3595.0
2017-12-19,2968.5,3574.0
2017-12-20,2932.5,3538.0
2017-12-21,2941.5,3547.0
2017-12-22,2941.5,3547.0
2017-12-25,2941.5,3547.0
2017-12-26,2941.5,3547.0
2017-12-27,2930.5,3536.0
2017-12-28,2907.5,3513.0
2017-12-29,2875.5,3481.0
2018-01-01,2875.5,3481.0
2018-01-02,2872.5,3478.0
2018-01-03,2902.5,3508.0
2018-01-04,2951.5,3557.0
2018-01-05,2990.5,3596.0
2018-01-08,3001.5,3607.0
2018-01-09,3009.5,3615.0
2018-01-10,2989.5,3595.0
2018-01-11,2989.5,3595.0
2018-01-12,2995.5,3601.0
2018-01-15,2993.5,3599.0
2018-01-16,2984.5,3590.0
2018-01-17,3009.5,3615.0
2018-01-18,3009.5,3615.0
2018-01-19,3040.5,3646.0
2018-01-22,3059.5,3665.0
2018-01-23,3054.5,3660.0
2018-01-24,3036.5,3642.0
2018-01-25,3022.5,3628.0
2018-01-26,3050.5,3656.0
2018-01-29,3027.5,3633.0
2018-01-30,2995.5,3601.0
2018-01-31,2997.5,3603.0
2018-02-01,2966.5,3572.0
2018-02-02,2889.5,3495.0
2018-02-05,2765.5,3371.0
2018-02-06,2864.5,3470.0
2018-02-07,2825.5,3431.0
2018-02-08,2731.5,3337.0
2018-02-09,2744.5,3350.0
2018-02-12,2779.5,3385.0
2018-02-13,2744.5,3350.0
2018-02-14,2781.5,3387.0
2018-02-15,2787.5,3393.0
2018-02-16,2819.5,3425.0
2018-02-19,2797.5,3403.0
2018-02-20,2810.5,3416.0
2018-02-21,2818.0,3423.5
2018-02-22,2816.5,3422.0
2018-02-23,2849.5,3455.0
2018-02-26,2871.5,3477.0
2018-02-27,2835.5,3441.0
2018-02-28,2811.5,3417.0
2018-03-01,2763.5,3369.0
2018-03-02,2736.0,3341.5
2018-03-05,2763.5,3369.0
2018-03-06,2760.5,3366.0
2018-03-07,2779.5,3385.0
2018-03-08,2809.5,3415.0
2018-03-09,2814.5,3420.0
2018-03-12,2818.5,3424.0
2018-03-13,2776.5,3382.0
2018-03-14,2786.5,3303.0
2018-03-15,2812.5,3329.0
2018-03-16,2827.5,3344.0
2018-03-19,2795.5,3312.0
2018-03-20,2813.5,3330.0
2018-03-21,2784.5,3301.0
2018-03-22,2709.5,3226.0
2018-03-23,2665.5,3182.0
2018-03-26,2700.5,3217.0
2018-03-27,2675.5,3192.0
2018-03-28,2728.5,3245.0
2018-03-29,2768.5,3285.0
2018-03-30,2768.5,3285.0
2018-04-02,2768.5,3285.0
2018-04-03,2757.5,3274.0
2018-04-04,2765.5,3282.0
2018-04-05,2821.5,3338.0
2018-04-06,2785.5,3302.0
2018-04-09,2810.5,3327.0
2018-04-10,2836.5,3353.0
2018-04-11,2818.5,3335.0
2018-04-12,2847.5,3364.0
2018-04-13,2853.5,3370.0
2018-04-16,2851.5,3368.0
2018-04-17,2888.5,3405.0
2018-04-18,2900.5,3417.0
2018-04-19,2889.5,3406.0
2018-04-20,2900.5,3417.0
2018-04-23,2922.5,3439.0
2018-04-24,2897.5,3414.0
2018-04-25,2907.5,3424.0
2018-04-26,2936.5,3453.0
2018-04-27,2935.5,3452.0
2018-04-30,2943.5,3460.0
2018-05-01,2943.5,3460.0
2018-05-02,2973.5,3490.0
2018-05-03,2972.5,3489.0
2018-05-04,2992.5,3509.0
2018-05-07,2999.5,3516.0
2018-05-08,3002.5,3519.0
2018-05-09,3013.5,3530.0
2018-05-10,3019.5,3536.0
2018-05-11,3012.5,3529.0
2018-05-14,3011.5,3528.0
2018-05-15,3015.5,3532.0
2018-05-16,3020.5,3537.0
2018-05-17,3035.5,3552.0
2018-05-18,3028.5,3545.0
2018-05-21,3041.5,3558.0
2018-05-22,3043.5,3560.0
2018-05-23,3010.5,3527.0
2018-05-24,2997.5,3514.0
2018-05-25,2974.5,3491.0
2018-05-28,2948.5,3465.0
2018-05-29,2888.5,3405.0
2018-05-30,2926.5,3443.0
2018-05-31,2897.5,3414.0
2018-06-01,2938.5,3455.0
2018-06-04,2945.5,3462.0
2018-06-05,2931.5,3448.0
2018-06-06,2934.0,3450.5
2018-06-07,2934.0,3450.5
2018-06-08,2931.5,3448.0
2018-06-11,2970.5,3487.0
2018-06-12,2955.5,3472.0
2018-06-13,2960.5,3465.0
2018-06-14,3021.5,3526.0
2018-06-15,3002.5,3507.0
2018-06-18,2956.5,3461.0
2018-06-19,2936.5,3441.0
2018-06-20,2930.5,3435.0
2018-06-21,2884.5,3389.0
2018-06-22,2914.5,3419.0
2018-06-25,2854.5,3359.0
2018-06-26,2865.5,3370.0
2018-06-27,2861.5,3366.0
2018-06-28,2863.5,3368.0
2018-06-29,2869.5,3374.0
2018-07-02,2870.5,3375.0
2018-07-03,2884.5,3389.0
2018-07-04,2900.5,3405.0
2018-07-05,2933.5,3438.0
2018-07-06,2935.5,3440.0
2018-07-09,2953.5,3458.0
2018-07-10,2960.5,3465.0
2018-07-11,2910.5,3415.0
2018-07-12,2939.5,3444.0
2018-07-13,2942.5,3447.0
2018-07-16,2942.5,3447.0
2018-07-17,2955.5,3460.0
2018-07-18,2971.5,3476.0
2018-07-19,2956.5,3461.0
2018-07-20,2946.5,3451.0
2018-07-23,2950.5,3455.0
2018-07-24,2968.5,3473.0
2018-07-25,2983.5,3488.0
2018-07-26,2994.5,3499.0
2018-07-27,3001.5,3506.0
2018-07-30,2995.5,3500.0
2018-07-31,3016.5,3521.0
2018-08-01,2997.5,3502.0
2018-08-02,2981.5,3486.0
2018-08-03,2981.5,3486.0
2018-08-06,2976.5,3481.0
2018-08-07,2999.5,3504.0
2018-08-08,2981.5,3486.0
2018-08-09,2985.5,3490.0
2018-08-10,2916.5,3421.0
2018-08-13,2906.5,3411.0
2018-08-14,2905.5,3410.0
2018-08-15,2838.5,3343.0
2018-08-16,2874.5,3379.0
2018-08-17,2864.5,3369.0
2018-08-20,2888.5,3393.0
2018-08-21,2902.5,3407.0
2018-08-22,2913.5,3418.0
2018-08-23,2910.5,3415.0
2018-08-24,2924.5,3429.0
2018-08-27,2952.5,3457.0
2018-08-28,2942.5,3447.0
2018-08-29,2952.5,3457.0
2018-08-30,2916.5,3421.0
2018-08-31,2886.5,3391.0
2018-09-03,2886.5,3391.0
2018-09-04,2886.5,3391.0
2018-09-05,2815.5,3320.0
2018-09-06,2801.5,3306.0
2018-09-07,2782.5,3287.0
2018-09-10,2782.5,3287.0
2018-09-11,2782.5,3287.0
2018-09-12,2782.5,3287.0
2018-09-13,2834.5,3339.0
2018-09-14,2838.5,3343.0
2018-09-17,2845.5,3331.0
2018-09-18,2852.5,3338.0
2018-09-19,2865.5,3351.0
2018-09-20,2908.5,3394.0
2018-09-21,2908.5,3394.0
2018-09-24,2908.5,3394.0
2018-09-25,2918.5,3404.0
2018-09-26,2924.5,3410.0
2018-09-27,2939.5,3425.0
2018-09-28,2898.5,3384.0
2018-10-01,2898.5,3384.0
2018-10-02,2898.5,3384.0
2018-10-03,2898.5,3384.0
2018-10-04,2874.5,3360.0
2018-10-05,2842.5,3328.0
2018-10-08,2842.5,3328.0
2018-10-09,2842.5,3328.0
2018-10-10,2842.5,3328.0
2018-10-11,2699.5,3185.0
2018-10-12,2704.5,3190.0
2018-10-15,2704.5,3190.0
2018-10-16,2767.5,3253.0
2018-10-17,2757.5,3243.0
2018-10-18,2707.5,3193.0
2018-10-19,2714.5,3200.0
2018-10-22,2714.5,3200.0
2018-10-23,2714.5,3200.0
2018-10-24,2714.5,3200.0
2018-10-25,2714.5,3200.0
2018-10-26,2636.5,3122.0
2018-10-29,2639.5,3125.0
2018-10-30,2677.5,3163.0
2018-10-31,2694.5,3180.0
2018-11-01,2715.5,3201.0
2018-11-02,2732.5,3218.0
2018-11-05,2732.5,3218.0
2018-11-06,2732.5,3218.0
2018-11-07,2769.5,3255.0
2018-11-08,2742.5,3228.0
2018-11-09,2738.5,3224.0
2018-11-12,2738.5,3224.0
2018-11-13,2738.5,3224.0
2018-11-14,2709.5,3195.0
2018-11-15,2723.5,3209.0
2018-11-16,2696.5,3182.0
2018-11-19,2696.5,3182.0
2018-11-20,2614.5,3100.0
2018-11-21,2654.5,3140.0
2018-11-22,2634.5,3120.0
2018-11-23,2634.5,3120.0
2018-11-26,2634.5,3120.0
2018-11-27,2682.5,3168.0
2018-11-28,2710.5,3196.0
2018-11-29,2691.5,3177.0
2018-11-30,2691.5,3177.0
2018-12-03,2691.5,3177.0
2018-12-04,2652.5,3138.0
2018-12-05,2655.5,3141.0
2018-12-06,2595.5,3081.0
2018-12-07,2554.5,3040.0
2018-12-10,2554.5,3040.0
2018-12-11,2554.5,3040.0
2018-12-12,2613.5,3099.0
2018-12-13,2614.5,3100.0
2018-12-14,2588.5,3060.0
2018-12-17,2577.5,3049.0
2018-12-18,2560.5,3032.0
2018-12-19,2529.5,3001.0
2018-12-20,2501.5,2973.0
2018-12-21,2479.5,2951.0
2018-12-24,2479.5,2951.0
2018-12-25,2479.5,2951.0
2018-12-26,2479.5,2951.0
2018-12-27,2479.5,2951.0
2018-12-28,2479.5,2951.0
2018-12-31,2479.5,2951.0
2019-01-01,2479.5,2951.0
2019-01-02,2479.5,2951.0
2019-01-03,2473.5,2945.0
2019-01-04,2552.0,3023.5
2019-01-07,2551.5,3023.0
2019-01-08,2579.5,3051.0
2019-01-09,2589.5,3061.0
2019-01-10,2601.5,3073.0
2019-01-11,2588.5,3060.0
2019-01-14,2588.5,3060.0
2019-01-15,2588.5,3060.0
2019-01-16,2593.5,3065.0
2019-01-17,2599.5,3071.0
2019-01-18,2656.5,3128.0
2019-01-21,2646.5,3118.0
2019-01-22,2618.5,3090.0
2019-01-23,2630.5,3102.0
2019-01-24,2652.0,3123.5
2019-01-25,2676.5,3148.0
2019-01-28,2676.5,3148.0
2019-01-29,2676.5,3148.0
2019-01-30,2687.5,3159.0
2019-01-31,2691.5,3163.0
2019-02-01,2695.5,3167.0
2019-02-04,2695.5,3167.0
2019-02-05,2737.5,3209.0
2019-02-06,2734.5,3206.0
2019-02-07,2682.5,3154.0
2019-02-08,2674.5,3146.0
2019-02-11,2674.5,3146.0
2019-02-12,2674.5,3146.0
2019-02-13,2730.5,3202.0
2019-02-14,2713.5,3185.0
2019-02-15,2713.5,3185.0
2019-02-18,2713.5,3185.0
2019-02-19,2713.5,3185.0
2019-02-20,2713.5,3185.0
2019-02-21,2713.5,3185.0
2019-02-22,2713.5,3185.0
2019-02-25,2807.5,3279.0
2019-02-26,2811.5,3283.0
2019-02-27,2809.5,3281.0
2019-02-28,2824.5,3296.0
2019-03-01,2849.5,3321.0
2019-03-04,2849.5,3321.0
2019-03-05,2853.5,3325.0
2019-03-06,2848.5,3320.0
2019-03-07,2831.5,3303.0
2019-03-08,2824.5,3296.0
2019-03-11,2824.5,3296.0
2019-03-12,2836.5,3308.0
2019-03-13,2818.5,3290.0
2019-03-14,2873.5,3261.0
2019-03-15,2918.5,3306.0
2019-03-18,2915.5,3303.0
2019-03-19,2940.5,3328.0
2019-03-20,2907.5,3295.0
2019-03-21,2907.5,3295.0
2019-03-22,2826.5,3214.0
2019-03-25,2826.5,3214.0
2019-03-26,2826.5,3214.0
2019-03-27,2854.5,3242.0
2019-03-28,2853.5,3241.0
2019-03-29,2891.5,3279.0
2019-04-01,2930.5,3318.0
2019-04-02,2945.5,3333.0
2019-04-03,2970.5,3358.0
2019-04-04,2970.0,3357.5
2019-04-05,2970.0,3357.5
2019-04-08,2976.5,3364.0
2019-04-09,2953.5,3341.0
2019-04-10,2965.5,3353.0
2019-04-11,2974.5,3362.0
2019-04-12,2991.5,3379.0
2019-04-15,2988.0,3375.5
2019-04-16,3000.5,3388.0
2019-04-17,3021.5,3409.0
2019-04-18,3047.5,3435.0
2019-04-19,3047.5,3435.0
2019-04-22,3047.5,3435.0
2019-04-23,3047.5,3435.0
2019-04-24,3047.5,3435.0
2019-04-25,3045.5,3433.0
2019-04-26,3048.5,3436.0
2019-04-29,3048.5,3436.0
2019-04-30,3048.5,3436.0
2019-05-01,3048.5,3436.0
2019-05-02,3048.5,3436.0
2019-05-03,3072.5,3460.0
2019-05-06,3072.5,3460.0
2019-05-07,3072.5,3460.0
2019-05-08,2986.5,3374.0
2019-05-09,2954.5,3342.0
2019-05-10,2974.5,3362.0
2019-05-13,2974.5,3362.0
2019-05-14,2974.5,3362.0
2019-05-15,2966.5,3354.0
2019-05-16,3014.5,3402.0
2019-05-17,3000.5,3388.0
2019-05-20,3000.5,3388.0
2019-05-21,3000.5,3388.0
2019-05-22,3000.5,3388.0
2019-05-23,2924.5,3312.0
2019-05-24,2957.5,3345.0
2019-05-27,2964.5,3352.0
2019-05-28,2950.5,3338.0
2019-05-29,2909.5,3297.0
2019-05-30,2929.5,3317.0
2019-05-31,2884.5,3272.0
2019-06-03,2884.5,3272.0
2019-06-04,2947.5,3335.0
2019-06-05,2953.5,3341.0
2019-06-06,2953.5,3341.0
2019-06-07,2984.5,3372.0
2019-06-10,2991.5,3379.0
2019-06-11,3007.5,3395.0
2019-06-12,2994.5,3382.0
2019-06-13,3002.5,3375.0
2019-06-14,2999.5,3372.0
2019-06-17,2996.5,3369.0
2019-06-18,3071.5,3444.0
2019-06-19,3073.5,3446.0
2019-06-20,3089.5,3462.0
2019-06-21,3068.5,3441.0
2019-06-24,3068.5,3441.0
2019-06-25,3050.5,3423.0
2019-06-26,3054.5,3427.0
2019-06-27,3061.5,3434.0
2019-06-28,3088.5,3461.0
2019-07-01,3113.5,3486.0
2019-07-02,3126.5,3499.0
2019-07-03,3156.5,3529.0
2019-07-04,3161.5,3534.0
2019-07-05,3144.5,3517.0
2019-07-08,3143.5,3516.0
2019-07-09,3133.5,3506.0
2019-07-10,3126.5,3499.0
2019-07-11,3116.5,3489.0
2019-07-12,3113.5,3486.0
2019-07-15,3127.5,3500.0
2019-07-16,3139.5,3512.0
2019-07-17,3113.5,3486.0
2019-07-18,3106.5,3479.0
2019-07-19,3095.5,3468.0
2019-07-22,3109.5,3482.0
2019-07-23,3158.5,3531.0
2019-07-24,3155.5,3528.0
2019-07-25,3136.5,3509.0
2019-07-26,3147.5,3520.0
2019-07-29,3151.5,3524.0
2019-07-30,3086.5,3459.0
2019-07-31,3089.5,3462.0
2019-08-01,3108.5,3481.0
2019-08-02,3004.5,3377.0
2019-08-05,2937.5,3310.0
2019-08-06,2918.5,3291.0
2019-08-07,2928.5,3301.0
2019-08-08,2985.5,3358.0
2019-08-09,2950.5,3323.0
2019-08-12,2952.5,3325.0
2019-08-13,2986.5,3359.0
2019-08-14,2908.5,3281.0
2019-08-15,2908.5,3281.0
2019-08-16,2952.5,3325.0
2019-08-19,2994.5,3367.0
2019-08-20,2973.5,3346.0
2019-08-21,3016.5,3389.0
2019-08-22,2993.5,3366.0
2019-08-23,2967.5,3340.0
2019-08-26,2974.5,3347.0
2019-08-27,2979.5,3352.0
2019-08-28,2992.5,3365.0
2019-08-29,3040.5,3413.0
2019-08-30,3059.5,3432.0
2019-09-02,3057.5,3430.0
2019-09-03,3041.5,3414.0
2019-09-04,3081.5,3454.0
2019-09-05,3107.5,3480.0
2019-09-06,3114.5,3487.0
2019-09-09,3121.5,3494.0
2019-09-10,3128.5,3501.0
2019-09-11,3140.5,3513.0
2019-09-12,3168.5,3541.0
2019-09-13,3170.5,3526.0
2019-09-16,3154.5,3510.0
2019-09-17,3150.5,3506.0
2019-09-18,3167.5,3523.0
2019-09-19,3174.5,3530.0
2019-09-20,3180.5,3536.0
2019-09-23,3180.5,3536.0
2019-09-24,3180.5,3536.0
2019-09-25,3137.5,3493.0
2019-09-26,3175.5,3531.0
2019-09-27,3175.5,3531.0
2019-09-30,3199.5,3555.0
2019-10-01,3144.5,3500.0
2019-10-02,3052.5,3408.0
2019-10-03,3041.5,3397.0
2019-10-04,3061.5,3417.0
2019-10-07,3061.5,3417.0
2019-10-08,3061.5,3417.0
2019-10-09,3090.0,3445.5
2019-10-10,3093.5,3449.0
2019-10-11,3187.5,3543.0
2019-10-14,3188.5,3544.0
2019-10-15,3236.5,3592.0
2019-10-16,3237.5,3593.0
2019-10-17,3232.5,3588.0
2019-10-18,3232.5,3588.0
2019-10-21,3232.5,3588.0
2019-10-22,3232.5,3588.0
2019-10-23,3242.5,3598.0
2019-10-24,3255.5,3611.0
2019-10-25,3257.5,3613.0
2019-10-28,3265.5,3621.0
2019-10-29,3255.5,3611.0
2019-10-30,3254.5,3610.0
2019-10-31,3253.5,3609.0
2019-11-01,3253.5,3609.0
2019-11-04,3301.5,3657.0
2019-11-05,3313.0,3668.5
2019-11-06,3323.5,3679.0
2019-11-07,3341.5,3697.0
2019-11-08,3346.5,3702.0
2019-11-11,3338.5,3694.0
2019-11-12,3355.5,3711.0
2019-11-13,3337.5,3693.0
2019-11-14,3328.5,3684.0
2019-11-15,3350.5,3706.0
2019-11-18,3333.0,3688.5
2019-11-19,3333.0,3688.5
2019-11-20,3333.0,3688.5
2019-11-21,3326.5,3682.0
2019-11-22,3329.5,3685.0
2019-11-25,3349.5,3705.0
2019-11-26,3348.5,3704.0
2019-11-27,3350.5,3706.0
2019-11-28,3344.5,3700.0
2019-11-29,3337.5,3693.0
2019-12-02,3271.5,3627.0
2019-12-03,3253.5,3609.0
2019-12-04,3300.5,3656.0
2019-12-05,3307.5,3663.0
2019-12-06,3335.5,3691.0
2019-12-09,3313.5,3669.0
2019-12-10,3311.5,3667.0
2019-12-11,3333.5,3689.0
2019-12-12,3353.5,3709.0
2019-12-13,3385.5,3728.0
2019-12-16,3416.5,3759.0
2019-12-17,3389.5,3732.0
2019-12-18,3387.5,3730.0
2019-12-19,3387.5,3730.0
2019-12-20,3418.5,3761.0
2019-12-23,3423.5,3766.0
2019-12-24,3423.5,3766.0
2019-12-25,3423.5,3766.0
2019-12-26,3423.5,3766.0
2019-12-27,3427.5,3770.0
2019-12-30,3386.5,3729.0
2019-12-31,3386.5,3729.0
2020-01-01,3386.5,3729.0
2020-01-02,3439.5,3782.0
2020-01-03,3411.5,3754.0
2020-01-06,3396.5,3739.0
2020-01-07,3418.5,3761.0
2020-01-08,3418.5,3761.0
2020-01-09,3435.5,3778.0
2020-01-10,3424.5,3767.0
2020-01-13,3421.5,3764.0
2020-01-14,3419.5,3762.0
2020-01-15,3413.5,3756.0
2020-01-16,3419.5,3762.0
2020-01-17,3459.5,3802.0
2020-01-20,3447.5,3790.0
2020-01-21,3435.5,3778.0
2020-01-22,3416.5,3759.0
2020-01-23,3384.5,3727.0
2020-01-24,3412.5,3755.0
2020-01-27,3328.5,3671.0
2020-01-28,3366.5,3709.0
2020-01-29,3387.5,3730.0
2020-01-30,3336.5,3679.0
2020-01-31,3274.5,3617.0
2020-02-03,3311.5,3654.0
2020-02-04,3379.5,3722.0
2020-02-05,3427.5,3770.0
2020-02-06,3456.5,3799.0
2020-02-07,3440.5,3783.0
2020-02-10,3446.5,3789.0
2020-02-11,3482.5,3825.0
2020-02-12,3504.5,3847.0
2020-02-13,3493.5,3836.0
2020-02-14,3494.5,3837.0
2020-02-17,3494.5,3837.0
2020-02-18,3494.5,3837.0
2020-02-19,3494.5,3837.0
2020-02-20,3494.5,3837.0
2020-02-21,3494.5,3837.0
2020-02-24,3302.5,3645.0
2020-02-25,3329.5,3672.0
2020-02-26,3196.5,3539.0
2020-02-27,3114.5,3457.0
2020-02-28,3039.5,3382.0
2020-03-02,2996.5,3339.0
2020-03-03,3055.5,3398.0
2020-03-04,3068.5,3411.0
2020-03-05,3101.5,3444.0
2020-03-06,2888.5,3231.0
2020-03-09,2632.5,2975.0
2020-03-10,2664.5,3007.0
2020-03-11,2543.5,2821.0
2020-03-12,2224.5,2502.0
2020-03-13,2219.5,2497.0
2020-03-16,2093.5,2371.0
2020-03-17,2107.5,2385.0
2020-03-18,2036.5,2314.0
2020-03-19,2103.5,2381.0
2020-03-20,2108.5,2386.0
2020-03-23,2124.5,2402.0
2020-03-24,2336.0,2613.5
2020-03-25,2446.5,2724.0
2020-03-26,2494.5,2772.0
2020-03-27,2369.5,2647.0
2020-03-30,2436.5,2714.0
2020-03-31,2469.5,2747.0
2020-04-01,2353.5,2631.0
2020-04-02,2367.5,2645.0
2020-04-03,2347.5,2625.0
2020-04-06,2457.0,2734.5
2020-04-07,2523.0,2800.5
2020-04-08,2532.5,2810.0
2020-04-09,2566.0,2843.5
2020-04-10,2566.0,2843.5
2020-04-13,2566.0,2843.5
2020-04-14,2607.5,2885.0
2020-04-15,2491.5,2769.0
2020-04-16,2508.5,2786.0
2020-04-17,2597.5,2875.0
2020-04-20,2589.5,2867.0
2020-04-21,2478.5,2756.0
2020-04-22,2521.0,2798.5
2020-04-23,2518.5,2796.0
2020-04-24,2478.5,2756.0
2020-04-27,2580.5,2858.0
2020-04-28,2615.5,2893.0
2020-04-29,2687.5,2965.0
2020-04-30,2609.5,2887.0
2020-05-01,2609.5,2887.0
2020-05-04,2508.5,2786.0
2020-05-05,2574.5,2852.0
2020-05-06,2542.5,2820.0
2020-05-07,2583.5,2861.0
2020-05-08,2619.5,2897.0
2020-05-11,2589.5,2867.0
2020-05-12,2594.5,2872.0
2020-05-13,2513.5,2791.0
2020-05-14,2458.5,2736.0
2020-05-15,2486.5,2764.0
2020-05-18,2486.5,2764.0
2020-05-19,2617.5,2895.0
2020-05-20,2657.5,2935.0
2020-05-21,2614.5,2892.0
2020-05-22,2619.5,2897.0
2020-05-25,2679.5,2957.0
2020-05-26,2716.5,2994.0
2020-05-27,2775.5,3053.0
2020-05-28,2786.5,3064.0
2020-05-29,2786.5,3064.0
2020-06-01,2838.5,3116.0
2020-06-02,2885.5,3163.0
2020-06-03,2990.5,3268.0
2020-06-04,2970.5,3248.0
2020-06-05,3103.5,3381.0
2020-06-08,3114.5,3392.0
2020-06-09,3039.5,3317.0
2020-06-10,3001.5,3279.0
2020-06-11,2816.5,3094.0
2020-06-12,2861.5,3139.0
2020-06-15,2893.5,3145.0
2020-06-16,2962.5,3214.0
2020-06-17,2971.5,3223.0
2020-06-18,2965.5,3217.0
2020-06-19,2953.5,3205.0
2020-06-22,2985.5,3237.0
2020-06-23,3004.5,3256.0
2020-06-24,2933.5,3185.0
2020-06-25,2987.5,3239.0
2020-06-26,2928.5,3180.0
2020-06-29,2973.5,3225.0
2020-06-30,2974.5,3226.0
2020-07-01,2974.5,3226.0
2020-07-02,3040.5,3292.0
2020-07-03,3040.5,3292.0
2020-07-06,3086.5,3338.0
2020-07-07,3035.5,3287.0
2020-07-08,3048.5,3300.0
2020-07-09,3014.5,3266.0
2020-07-10,3053.5,3305.0
2020-07-13,3031.5,3283.0
2020-07-14,3076.5,3328.0
2020-07-15,3114.5,3366.0
2020-07-16,3109.5,3361.0
2020-07-17,3116.5,3368.0
2020-07-20,3132.5,3384.0
2020-07-21,3129.5,3381.0
2020-07-22,3119.5,3371.0
2020-07-23,3084.5,3336.0
2020-07-24,3048.5,3300.0
2020-07-27,3052.5,3304.0
2020-07-28,3034.5,3286.0
2020-07-29,3054.5,3306.0
2020-07-30,2973.5,3225.0
2020-07-31,2916.5,3168.0
2020-08-03,2995.5,3247.0
2020-08-04,3000.5,3252.0
2020-08-05,3000.5,3252.0
2020-08-06,3001.5,3253.0
2020-08-07,3004.5,3256.0
2020-08-10,3019.5,3271.0
2020-08-11,3044.5,3296.0
2020-08-12,3110.5,3362.0
2020-08-13,3076.5,3328.0
2020-08-14,3041.5,3293.0
2020-08-17,3049.5,3301.0
2020-08-18,3029.5,3281.0
2020-08-19,3046.5,3298.0
2020-08-20,3026.5,3278.0
2020-08-21,3009.5,3261.0
2020-08-24,3076.5,3328.0
2020-08-25,3080.5,3332.0
2020-08-26,3108.5,3360.0
2020-08-27,3069.5,3321.0
2020-08-28,3068.5,3320.0
2020-08-31,3016.5,3268.0
2020-09-01,3024.5,3276.0
2020-09-02,3107.5,3359.0
2020-09-03,3032.5,3284.0
2020-09-04,3035.5,3287.0
2020-09-07,3063.5,3315.0
2020-09-08,3003.5,3255.0
2020-09-09,3073.5,3325.0
2020-09-10,3031.5,3283.0
2020-09-11,3061.5,3302.0
2020-09-14,3053.5,3294.0
2020-09-15,3070.5,3311.0
2020-09-16,3069.5,3310.0
2020-09-17,3068.5,3309.0
2020-09-18,3028.5,3269.0
2020-09-21,2931.5,3172.0
2020-09-22,2933.5,3174.0
2020-09-23,2901.5,3142.0
2020-09-24,2910.5,3151.0
2020-09-25,2912.5,3153.0
2020-09-28,2974.5,3215.0
2020-09-29,2964.5,3205.0
2020-09-30,2939.5,3180.0
2020-10-01,2941.5,3182.0
2020-10-02,2948.5,3189.0
2020-10-05,2986.5,3227.0
2020-10-06,2955.5,3196.0
2020-10-07,2988.5,3229.0
2020-10-08,3013.5,3254.0
2020-10-09,3025.5,3266.0
2020-10-12,3055.5,3296.0
2020-10-13,3025.5,3266.0
2020-10-14,3006.5,3247.0
2020-10-15,2962.5,3203.0
2020-10-16,2996.5,3237.0
2020-10-19,2964.5,3205.0
2020-10-20,2972.5,3213.0
2020-10-21,2927.5,3168.0
2020-10-22,2932.5,3173.0
2020-10-23,2954.5,3195.0
2020-10-26,2860.5,3101.0
2020-10-27,2789.5,3030.0
2020-10-28,2704.5,2945.0
2020-10-29,2709.5,2950.0
2020-10-30,2733.5,2974.0
2020-11-02,2780.5,3021.0
2020-11-03,2857.5,3098.0
2020-11-04,2899.5,3140.0
2020-11-05,2961.5,3202.0
2020-11-06,2960.5,3201.0
2020-11-09,3142.5,3383.0
2020-11-10,3203.5,3444.0
2020-11-11,3224.5,3465.0
2020-11-12,3165.5,3406.0
2020-11-13,3204.5,3445.0
2020-11-16,3227.5,3468.0
2020-11-17,3230.5,3471.0
2020-11-18,3212.5,3453.0
2020-11-19,3222.5,3463.0
2020-11-20,3220.5,3461.0
2020-11-23,3233.5,3474.0
2020-11-24,3275.5,3516.0
2020-11-25,3272.5,3513.0
2020-11-26,3261.5,3502.0
2020-11-27,3293.5,3534.0
2020-11-30,3242.5,3483.0
2020-12-01,3284.5,3525.0
2020-12-02,3276.5,3517.0
2020-12-03,3259.5,3500.0
2020-12-04,3295.5,3536.0
2020-12-07,3282.5,3523.0
2020-12-08,3293.5,3534.0
2020-12-09,3282.5,3523.0
2020-12-10,3276.5,3517.0
2020-12-11,3252.5,3493.0
2020-12-14,3255.5,3481.0
2020-12-15,3295.5,3521.0
2020-12-16,3309.5,3535.0
2020-12-17,3320.5,3546.0
2020-12-18,3297.5,3523.0
2020-12-21,3237.5,3463.0
2020-12-22,3253.5,3479.0
2020-12-23,3301.5,3527.0
2020-12-24,3301.5,3527.0
2020-12-25,3301.5,3527.0
2020-12-28,3328.5,3554.0
2020-12-29,3324.5,3550.0
2020-12-30,3324.5,3550.0
2020-12-31,3324.5,3550.0
2021-01-01,3324.5,3550.0
2021-01-04,3314.5,3540.0
2021-01-05,3319.5,3545.0
2021-01-06,3365.5,3591.0
2021-01-07,3387.5,3613.0
2021-01-08,3416.5,3642.0
2021-01-11,3382.5,3608.0
2021-01-12,3370.5,3596.0
2021-01-13,3378.5,3604.0
2021-01-14,3397.5,3623.0
2021-01-15,3351.5,3577.0
2021-01-18,3374.5,3600.0
2021-01-19,3372.5,3598.0
2021-01-20,3394.5,3620.0
2021-01-21,3387.5,3613.0
2021-01-22,3361.5,3587.0
2021-01-25,3334.5,3560.0
2021-01-26,3367.5,3593.0
2021-01-27,3282.5,3508.0
2021-01-28,3320.5,3546.0
2021-01-29,3241.5,3467.0
2021-02-01,3306.5,3532.0
2021-02-02,3370.5,3596.0
2021-02-03,3381.5,3607.0
2021-02-04,3414.5,3640.0
2021-02-05,3421.5,3647.0
2021-02-08,3443.5,3669.0
2021-02-09,3437.5,3663.0
2021-02-10,3413.5,3639.0
2021-02-11,3439.5,3665.0
2021-02-12,3470.5,3696.0
2021-02-15,3505.5,3731.0
2021-02-16,3492.5,3718.0
2021-02-17,3479.5,3705.0
2021-02-18,3460.5,3686.0
2021-02-19,3474.5,3700.0
2021-02-22,3461.5,3687.0
2021-02-23,3464.5,3690.0
2021-02-24,3486.5,3712.0
2021-02-25,3420.5,3646.0
2021-02-26,3409.5,3635.0
2021-03-01,3485.5,3711.0
2021-03-02,3477.5,3703.0
2021-03-03,3464.5,3690.0
2021-03-04,3449.5,3675.0
2021-03-05,3484.5,3710.0
2021-03-08,3526.5,3752.0
2021-03-09,3561.5,3787.0
2021-03-10,3597.5,3823.0
2021-03-11,3612.5,3838.0
2021-03-12,3624.5,3850.0
2021-03-15,3614.5,3780.0
2021-03-16,3624.5,3790.0
2021-03-17,3638.5,3804.0
2021-03-18,3615.5,3781.0
2021-03-19,3613.5,3779.0
2021-03-22,3606.5,3772.0
2021-03-23,3582.5,3748.0
2021-03-24,3590.5,3756.0
2021-03-25,3632.5,3798.0
2021-03-26,3669.5,3835.0
2021-03-29,3675.5,3841.0
2021-03-30,3702.5,3868.0
2021-03-31,3706.5,3872.0
2021-04-01,3727.5,3893.0
2021-04-02,3727.5,3893.0
2021-04-05,3727.5,3893.0
2021-04-06,3748.5,3914.0
2021-04-07,3753.5,3919.0
2021-04-08,3762.5,3928.0
2021-04-09,3771.5,3937.0
2021-04-12,3752.5,3918.0
2021-04-13,3760.5,3926.0
2021-04-14,3750.5,3916.0
2021-04-15,3784.5,3950.0
2021-04-16,3829.5,3995.0
2021-04-19,3806.5,3972.0
2021-04-20,3733.5,3899.0
2021-04-21,3782.5,3948.0
2021-04-22,3780.5,3946.0
2021-04-23,3798.5,3964.0
2021-04-26,3806.5,3972.0
2021-04-27,3803.5,3969.0
2021-04-28,3802.5,3968.0
2021-04-29,3802.5,3968.0
2021-04-30,3774.5,3940.0
2021-05-03,3805.5,3971.0
2021-05-04,3738.5,3904.0
2021-05-05,3807.5,3973.0
2021-05-06,3825.5,3991.0
2021-05-07,3852.5,4018.0
2021-05-10,3817.5,3983.0
2021-05-11,3765.5,3931.0
2021-05-12,3747.5,3913.0
2021-05-13,3784.5,3950.0
2021-05-14,3862.5,4028.0
2021-05-17,3844.5,4010.0
2021-05-18,3815.5,3981.0
2021-05-19,3775.5,3941.0
2021-05-20,3826.5,3992.0
2021-05-21,3855.5,4021.0
2021-05-24,3877.5,4043.0
2021-05-25,3871.5,4037.0
2021-05-26,3865.5,4031.0
2021-05-27,3872.5,4038.0
2021-05-28,3898.5,4064.0
2021-05-31,3872.5,4038.0
2021-06-01,3908.5,4074.0
2021-06-02,3916.5,4082.0
2021-06-03,3912.5,4078.0
2021-06-04,3927.5,4093.0
2021-06-07,3936.5,4102.0
2021-06-08,3937.5,4103.0
2021-06-09,3930.5,4096.0
2021-06-10,3936.5,4102.0
2021-06-11,3972.5,4138.0
2021-06-14,3980.5,4131.0
2021-06-15,3981.5,4132.0
2021-06-16,3986.5,4137.0
2021-06-17,3999.5,4150.0
2021-06-18,3911.5,4062.0
2021-06-21,3958.5,4109.0
2021-06-22,3954.5,4105.0
2021-06-23,3916.5,4067.0
2021-06-24,3962.0,4112.5
2021-06-25,3958.5,4109.0
2021-06-28,3934.5,4085.0
2021-06-29,3942.5,4093.0
2021-06-30,3912.0,4062.5
2021-07-01,3925.0,4075.5
2021-07-02,3924.0,4074.5
2021-07-05,3925.0,4075.5
2021-07-06,3886.0,4036.5
2021-07-07,3923.0,4073.5
2021-07-08,3834.5,3985.0
2021-07-09,3907.5,4058.0
2021-07-12,3938.5,4089.0
2021-07-13,3933.0,4083.5
2021-07-14,3931.5,4082.0
2021-07-15,3895.5,4046.0
2021-07-16,3863.0,4013.5
2021-07-19,3771.0,3921.5
2021-07-20,3810.5,3961.0
2021-07-21,3885.0,4035.5
2021-07-22,3907.0,4057.5
2021-07-23,3949.0,4099.5
2021-07-26,3948.5,4099.0
2021-07-27,3918.0,4068.5
2021-07-28,3936.5,4087.0
2021-07-29,3955.5,4106.0
2021-07-30,3936.0,4086.5
2021-08-02,3946.5,4097.0
2021-08-03,3971.5,4122.0
2021-08-04,3983.0,4133.5
2021-08-05,4002.5,4153.0
2021-08-06,4023.5,4174.0
2021-08-09,4027.0,4177.5
2021-08-10,4039.5,4190.0
2021-08-11,4059.0,4209.5
2021-08-12,4075.0,4225.5
2021-08-13,4078.0,4228.5
2021-08-16,4062.5,4213.0
2021-08-17,4038.0,4188.5
2021-08-18,4016.0,4166.5
2021-08-19,3983.0,4133.5
2021-08-20,4000.5,4151.0
2021-08-23,4027.0,4177.5
2021-08-24,4023.0,4173.5
2021-08-25,4025.0,4175.5
2021-08-26,4009.5,4160.0
2021-08-27,4042.5,4193.0
2021-08-30,4043.5,4194.0
2021-08-31,4044.0,4194.5
2021-09-01,4072.5,4223.0
2021-09-02,4074.5,4225.0
2021-09-03,4046.5,4197.0
2021-09-06,4092.5,4243.0
2021-09-07,4062.5,4213.0
2021-09-08,4026.5,4177.0
2021-09-09,4014.0,4164.5
2021-09-10,4007.0,4157.5
2021-09-13,4043.5,4194.0
2021-09-14,4033.0,4183.5
2021-09-15,4021.5,4141.5
2021-09-16,4044.0,4164.0
2021-09-17,3977.0,4097.0
2021-09-20,3887.5,4007.5
2021-09-21,3941.5,4061.5
2021-09-22,4007.0,4127.0
2021-09-23,4057.5,4177.5
2021-09-24,4023.0,4143.0
2021-09-27,4030.0,4150.0
2021-09-28,3927.5,4047.5
2021-09-29,3940.0,4060.0
2021-09-30,3901.5,4021.5
2021-10-01,3919.5,4039.5
2021-10-04,3874.0,3994.0
2021-10-05,3922.5,4042.5
2021-10-06,3904.5,4024.5
2021-10-07,3955.5,4075.5
2021-10-08,3934.0,4054.0
2021-10-11,3916.0,4036.0
2021-10-12,3917.0,4037.0
2021-10-13,3960.0,4080.0
2021-10-14,4023.5,4143.5
2021-10-15,4055.0,4175.0
2021-10-18,4022.5,4142.5
2021-10-19,4036.0,4156.0
2021-10-20,4039.0,4159.0
2021-10-21,4038.5,4158.5
2021-10-22,4067.0,4187.0
2021-10-25,4058.0,4178.0
2021-10-26,4084.0,4204.0
2021-10-27,4079.5,4199.5
2021-10-28,4103.0,4223.0
2021-10-29,4133.5,4253.5
2021-11-01,4156.0,4276.0
2021-11-02,4168.5,4288.5
2021-11-03,4203.0,4323.0
2021-11-04,4208.0,4328.0
2021-11-05,4228.5,4348.5
2021-11-08,4222.5,4342.5
2021-11-09,4217.0,4337.0
2021-11-10,4201.5,4321.5
2021-11-11,4229.0,4349.0
2021-11-12,4244.5,4364.5
2021-11-15,4256.5,4376.5
2021-11-16,4274.5,4394.5
2021-11-17,4276.5,4396.5
2021-11-18,4265.0,4385.0
2021-11-19,4225.5,4345.5
2021-11-22,4198.0,4318.0
2021-11-23,4177.0,4297.0
2021-11-24,4165.5,4285.5
2021-11-25,4167.0,4287.0
2021-11-26,3943.5,4063.5
2021-11-29,4003.0,4123.0
2021-11-30,3947.5,4067.5
2021-12-01,3957.5,4077.5
2021-12-02,4008.0,4128.0
2021-12-03,3957.5,4077.5
2021-12-06,4030.0,4150.0
2021-12-07,4160.0,4280.0
2021-12-08,4119.0,4239.0
2021-12-09,4074.5,4194.5
2021-12-10,4085.0,4188.0
2021-12-13,4054.5,4157.5
2021-12-14,4044.5,4147.5
2021-12-15,4093.0,4196.0
2021-12-16,4061.5,4164.5
2021-12-17,4027.5,4130.5
2021-12-20,4015.0,4118.0
2021-12-21,4073.5,4176.5
2021-12-22,4107.0,4210.0
2021-12-23,4145.5,4248.5
2021-12-24,4145.5,4248.5
2021-12-27,4187.5,4290.5
2021-12-28,4194.0,4297.0
2021-12-29,4171.0,4274.0
2021-12-30,4184.5,4287.5
2021-12-31,4184.5,4287.5
2022-01-03,4230.0,4333.0
2022-01-04,4252.0,4355.0
2022-01-05,4217.0,4320.0
2022-01-06,4204.0,4307.0
2022-01-07,4192.0,4295.0
2022-01-10,4158.5,4261.5
2022-01-11,4193.0,4296.0
2022-01-12,4207.0,4310.0
2022-01-13,4163.0,4266.0
2022-01-14,4175.0,4278.0
2022-01-17,4186.0,4289.0
2022-01-18,4140.5,4243.5
2022-01-19,4139.0,4242.0
2022-01-20,4136.5,4239.5
2022-01-21,4067.5,4170.5
2022-01-24,4017.5,4120.5
2022-01-25,3978.0,4081.0
2022-01-26,4017.5,4120.5
2022-01-27,4043.5,4146.5
2022-01-28,4058.5,4161.5
2022-01-31,4082.5,4185.5
2022-02-01,4124.5,4227.5
2022-02-02,4119.0,4222.0
2022-02-03,4019.5,4122.5
2022-02-04,3994.0,4097.0
2022-02-07,4004.0,4107.0
2022-02-08,4034.0,4137.0
2022-02-09,4108.0,4211.0
2022-02-10,4047.0,4150.0
2022-02-11,3968.5,4071.5
2022-02-14,3945.0,4048.0
2022-02-15,4038.0,4141.0
2022-02-16,4044.0,4147.0
2022-02-17,3977.0,4080.0
2022-02-18,3970.0,4073.0
2022-02-21,3816.5,3919.5
2022-02-22,3881.5,3984.5
2022-02-23,3835.5,3938.5
2022-02-24,3801.5,3904.5
2022-02-25,3885.0,3988.0
2022-02-28,3766.0,3869.0
2022-03-01,3636.5,3739.5
2022-03-02,3715.5,3818.5
2022-03-03,3627.0,3730.0
2022-03-04,3463.0,3566.0
2022-03-07,3357.5,3460.5
2022-03-08,3462.5,3483.5
2022-03-09,3652.5,3673.5
2022-03-10,3570.0,3591.0
2022-03-11,3554.0,3575.0
2022-03-14,3620.0,3641.0
2022-03-15,3648.5,3669.5
2022-03-16,3798.0,3819.0
2022-03-17,3772.0,3793.0
2022-03-18,3811.0,3832.0
2022-03-21,3770.0,3791.0
2022-03-22,3827.0,3848.0
2022-03-23,3742.0,3763.0
2022-03-24,3780.0,3801.0
2022-03-25,3786.0,3807.0
2022-03-28,3819.0,3840.0
2022-03-29,3911.0,3932.0
2022-03-30,3846.0,3867.0
2022-03-31,3778.0,3799.0
2022-04-01,3826.0,3847.0
2022-04-04,3858.0,3879.0
2022-04-05,3801.0,3822.0
2022-04-06,3727.0,3748.0
2022-04-07,3739.0,3760.0
2022-04-08,3743.0,3764.0
2022-04-11,3711.0,3732.0
2022-04-12,3700.0,3721.0
2022-04-13,3731.0,3752.0
2022-04-14,3756.0,3777.0
2022-04-15,3756.0,3777.0
2022-04-18,3756.0,3777.0
2022-04-19,3756.0,3777.0
2022-04-20,3794.0,3815.0
2022-04-21,3772.0,3793.0
2022-04-22,3720.0,3741.0
2022-04-25,3710.0,3731.0
2022-04-26,3606.0,3627.0
2022-04-27,3640.0,3661.0
2022-04-28,3725.0,3746.0
2022-04-29,3660.0,3681.0
2022-05-02,3667.0,3688.0
2022-05-03,3689.0,3710.0
2022-05-04,3742.0,3763.0
2022-05-05,3629.0,3650.0
2022-05-06,3572.0,3593.0
2022-05-09,3479.0,3500.0
2022-05-10,3520.0,3541.0
2022-05-11,3527.0,3548.0
2022-05-12,3564.0,3585.0
2022-05-13,3671.0,3692.0
2022-05-16,3658.0,3679.0
2022-05-17,3720.0,3741.0
2022-05-18,3611.0,3632.0
2022-05-19,3607.0,3628.0
2022-05-20,3634.0,3655.0
2022-05-23,3679.0,3700.0
2022-05-24,3648.0,3669.0
2022-05-25,3668.0,3689.0
2022-05-26,3723.0,3744.0
2022-05-27,3788.0,3809.0
2022-05-30,3820.0,3841.0
2022-05-31,3789.0,3810.0
2022-06-01,3743.0,3764.0
2022-06-02,3802.0,3823.0
2022-06-03,3763.0,3784.0
2022-06-06,3808.0,3829.0
2022-06-07,3801.0,3822.0
2022-06-08,3744.0,3765.0
2022-06-09,3670.0,3691.0
2022-06-10,3574.0,3578.0
2022-06-13,3484.0,3488.0
2022-06-14,3456.0,3460.0
2022-06-15,3511.0,3515.0
2022-06-16,3418.0,3422.0
2022-06-17,3419.0,3423.0
2022-06-20,3446.0,3450.0
2022-06-21,3474.0,3478.0
2022-06-22,3450.0,3454.0
2022-06-23,3424.0,3428.0
2022-06-24,3524.0,3528.0
2022-06-27,3531.0,3535.0
2022-06-28,3531.0,3535.0
2022-06-29,3495.0,3499.0
2022-06-30,3437.0,3441.0
2022-07-01,3426.0,3430.0
2022-07-04,3442.0,3446.0
2022-07-05,3341.0,3345.0
2022-07-06,3405.0,3409.0
2022-07-07,3476.0,3480.0
2022-07-08,3493.0,3497.0
2022-07-11,3457.0,3461.0
2022-07-12,3474.0,3478.0
2022-07-13,3442.0,3446.0
2022-07-14,3386.0,3390.0
2022-07-15,3468.0,3472.0
2022-07-18,3496.0,3500.0
2022-07-19,3581.0,3585.0
2022-07-20,3573.0,3577.0
2022-07-21,3576.0,3580.0
2022-07-22,3592.0,3596.0
2022-07-25,3590.0,3594.0
2022-07-26,3567.0,3571.0
2022-07-27,3601.0,3605.0
2022-07-28,3643.0,3647.0
2022-07-29,3698.0,3702.0
2022-08-01,3702.0,3706.0
2022-08-02,3681.0,3685.0
2022-08-03,3725.0,3729.0
2022-08-04,3743.0,3747.0
2022-08-05,3714.0,3718.0
2022-08-08,3751.0,3755.0
2022-08-09,3712.0,3716.0
2022-08-10,3748.0,3752.0
2022-08-11,3749.0,3753.0
2022-08-12,3775.0,3779.0
2022-08-15,3782.0,3786.0
2022-08-16,3800.0,3804.0
2022-08-17,3750.0,3754.0
2022-08-18,3769.0,3773.0
2022-08-19,3720.0,3724.0
2022-08-22,3647.0,3651.0
2022-08-23,3641.0,3645.0
2022-08-24,3664.0,3668.0
2022-08-25,3664.0,3668.0
2022-08-26,3594.0,3598.0
2022-08-29,3563.0,3567.0
2022-08-30,3552.0,3556.0
2022-08-31,3516.0,3520.0
2022-09-01,3445.0,3449.0
2022-09-02,3541.0,3545.0
2022-09-05,3481.0,3481.0
2022-09-06,3487.0,3487.0
2022-09-07,3499.0,3499.0
2022-09-08,3504.0,3504.0
2022-09-09,3563.0,3563.0
2022-09-12,3642.0,3642.0
2022-09-13,3579.0,3579.0
2022-09-14,3560.0,3560.0
2022-09-15,3537.0,3537.0
2022-09-16,3486.0,3486.0
2022-09-19,3501.0,3501.0
2022-09-20,3459.0,3459.0
2022-09-21,3488.0,3488.0
2022-09-22,3425.0,3425.0
2022-09-23,3343.0,3343.0
2022-09-26,3338.0,3338.0
2022-09-27,3327.0,3327.0
2022-09-28,3332.0,3332.0
2022-09-29,3268.0,3268.0
2022-09-30,3315.0,3315.0

